{
    "test_metrics": {
        "accuracy": 1.0,
        "precision": 0.0,
        "recall": 0.0,
        "f1_score": 0.0,
        "confusion_matrix": [
            [
                25000
            ]
        ],
        "loss": 0.0
    },
    "training_history": {
        "train_loss": [
            0.004573839358449853,
            1.3938570599837164e-06,
            9.50206801196174e-08,
            4.905454908765705e-09,
            4.947182492998081e-10
        ],
        "val_loss": [
            2.408027359024345e-07,
            0.0,
            0.0,
            0.0,
            0.0
        ],
        "train_acc": [
            0.99925,
            1.0,
            1.0,
            1.0,
            1.0
        ],
        "val_acc": [
            1.0,
            1.0,
            1.0,
            1.0,
            1.0
        ]
    },
    "model_config": {
        "embedding_dim": 128,
        "hidden_dim": 256,
        "num_layers": 2,
        "num_heads": 2,
        "dropout": 0.1,
        "learning_rate": 0.0001,
        "epochs": 10,
        "early_stopping_patience": 3
    },
    "vocab_size": 10000
}